id,admin_graphql_api_id,app_id,browser_ip,buyer_accepts_marketing,cancel_reason,cancelled_at,cart_token,checkout_id,checkout_token,client_details,closed_at,company,confirmation_number,confirmed,contact_email,created_at,currency,current_subtotal_price,current_subtotal_price_set,current_total_additional_fees_set,current_total_discounts,current_total_discounts_set,current_total_duties_set,current_total_price,current_total_price_set,current_total_tax,current_total_tax_set,customer_locale,device_id,discount_codes,email,estimated_taxes,financial_status,fulfillment_status,landing_site,landing_site_ref,location_id,merchant_of_record_app_id,name,note,note_attributes,number,order_number,order_status_url,original_total_additional_fees_set,original_total_duties_set,payment_gateway_names,phone,po_number,presentment_currency,processed_at,reference,referring_site,source_identifier,source_name,source_url,subtotal_price,subtotal_price_set,tags,tax_exempt,tax_lines,taxes_included,test,token,total_discounts,total_discounts_set,total_line_items_price,total_line_items_price_set,total_outstanding,total_price,total_price_set,total_shipping_price_set,total_tax,total_tax_set,total_tip_received,total_weight,updated_at,user_id,billing_address,customer,discount_applications,fulfillments,line_items,payment_terms,refunds,shipping_address,shipping_lines
6436277911893,gid://shopify/Order/6436277911893,1354745,185.205.175.206,False,,,,46221749322069.0,f181858604632163e2befa248007998b,client_details(None),,,9D2VCQNRI,True,russel.winfield@example.com,2024-12-17T18:09:59-05:00,GBP,3329.90,current_subtotal_price_set(None),,0.00,current_total_discounts_set(None),,3377.88,current_total_price_set(None),0.00,current_total_tax_set(None),UK,,[],russel.winfield@example.com,False,paid,,,,,,#1001,,[],1,1001,https://impression-digital-test-store.myshopify.com/92179693909/orders/098dd9124e886221fdbd8f22944bf28b/authenticate?key=5a030d6d7b31b9338c363e1b4afcaba7,,,['manual'],+16135550135,,GBP,2024-12-17T18:09:59-05:00,7830d56d08d6c0886c1aaf1a3a8f44d5,,7830d56d08d6c0886c1aaf1a3a8f44d5,shopify_draft_order,,3329.90,subtotal_price_set(None),Multiple Fulfillments,False,[],True,False,098dd9124e886221fdbd8f22944bf28b,0.00,total_discounts_set(None),3329.90,total_line_items_price_set(None),0.00,3377.88,total_price_set(None),total_shipping_price_set(None),0.00,total_tax_set(None),0.00,4536,2024-12-17T18:10:00-05:00,,billing_address(None),customer(8875746394453),[],[],"[line_item(16344777720149), line_item(16344777752917)]",,[],shipping_address(None),[shipping_line(5402361200981)]
6436278403413,gid://shopify/Order/6436278403413,1354745,185.205.175.206,False,,,,46221751222613.0,749d5f582f316551159597e1316099c7,client_details(None),,company(58736345429),8QAPKGDTW,True,karine.ruby@example.com,2024-12-17T18:10:24-05:00,GBP,699.95,current_subtotal_price_set(None),,0.00,current_total_discounts_set(None),,723.94,current_total_price_set(None),0.00,current_total_tax_set(None),en,,[],karine.ruby@example.com,False,paid,,,,,,#1002,,[],2,1002,https://impression-digital-test-store.myshopify.com/92179693909/orders/6d40bd3634b0c6568f79b17f732548e2/authenticate?key=72baf7486fa7b988778a42a0c48e1dcb,,,['manual'],+16135550142,,GBP,2024-12-17T18:10:24-05:00,fbd71acf2fde3c8db4d6e2d99a55aa3b,,fbd71acf2fde3c8db4d6e2d99a55aa3b,shopify_draft_order,,699.95,subtotal_price_set(None),Custom Shipping Rate,False,[],True,False,6d40bd3634b0c6568f79b17f732548e2,0.00,total_discounts_set(None),699.95,total_line_items_price_set(None),0.00,723.94,total_price_set(None),total_shipping_price_set(None),0.00,total_tax_set(None),0.00,4536,2024-12-17T18:10:25-05:00,,,customer(8875746328917),[],[],[line_item(16344778441045)],,[],shipping_address(None),[shipping_line(5402361561429)]
6436278829397,gid://shopify/Order/6436278829397,1354745,185.205.175.206,False,,,,46221753844053.0,64dc4f3dff8c6f54806c1c316e3ec7d2,client_details(None),,company(58736345429),NR96KTD2Q,True,karine.ruby@example.com,2024-12-17T18:10:48-05:00,GBP,729.95,current_subtotal_price_set(None),,0.00,current_total_discounts_set(None),,753.94,current_total_price_set(None),0.00,current_total_tax_set(None),en,,[],karine.ruby@example.com,False,paid,,,,,,#1003,,[],3,1003,https://impression-digital-test-store.myshopify.com/92179693909/orders/88fc46f2ae350398fd51d302d05e4e31/authenticate?key=300914d1651e1579426b16bcec5e6422,,,['manual'],+16135550142,,GBP,2024-12-17T18:10:48-05:00,e688e4a8dbe2c620460649e3fee0a5f1,,e688e4a8dbe2c620460649e3fee0a5f1,shopify_draft_order,,729.95,subtotal_price_set(None),Shipping Discount,False,[],True,False,88fc46f2ae350398fd51d302d05e4e31,0.00,total_discounts_set(None),729.95,total_line_items_price_set(None),0.00,753.94,total_price_set(None),total_shipping_price_set(None),0.00,total_tax_set(None),0.00,0,2024-12-17T18:10:49-05:00,,,customer(8875746328917),[],[],[line_item(16344779260245)],,[],shipping_address(None),[shipping_line(5402361921877)]
6436278894933,gid://shopify/Order/6436278894933,1354745,185.205.175.206,False,,,,46221754171733.0,15b659130b13edb5726bde602f52ebb2,client_details(None),,,25M8UMYY0,True,russel.winfield@example.com,2024-12-17T18:10:52-05:00,GBP,1776.38,current_subtotal_price_set(None),,323.47,current_total_discounts_set(None),,1800.37,current_total_price_set(None),0.00,current_total_tax_set(None),UK,,[discount_code(None)],russel.winfield@example.com,False,paid,,,,,,#1004,,[],4,1004,https://impression-digital-test-store.myshopify.com/92179693909/orders/247abc2b7f09532bf7faa65586b130c3/authenticate?key=d1c7c0761882559cf4bad5a0b920af6f,,,['manual'],+16135550135,,GBP,2024-12-17T18:10:51-05:00,df1a861e8b8912e6951ee9d0d96176dd,,df1a861e8b8912e6951ee9d0d96176dd,shopify_draft_order,,1776.38,subtotal_price_set(None),"Line Item Discount, Order Discount",False,[],True,False,247abc2b7f09532bf7faa65586b130c3,323.47,total_discounts_set(None),2099.85,total_line_items_price_set(None),0.00,1800.37,total_price_set(None),total_shipping_price_set(None),0.00,total_tax_set(None),0.00,13608,2024-12-17T18:10:52-05:00,,billing_address(None),customer(8875746394453),"[discount_application(None), discount_application(None)]",[],"[line_item(16344779325781), line_item(16344779358549)]",,[],shipping_address(None),[shipping_line(5402361987413)]
6436278993237,gid://shopify/Order/6436278993237,1354745,185.205.175.206,False,,,,46221754466645.0,65e0408e8f2d8cf9b6f89fb07327f9e6,client_details(None),,company(58736345429),CFND8FCEM,True,karine.ruby@example.com,2024-12-17T18:10:55-05:00,GBP,2099.85,current_subtotal_price_set(None),,699.95,current_total_discounts_set(None),,2123.84,current_total_price_set(None),0.00,current_total_tax_set(None),en,,[],karine.ruby@example.com,False,paid,,,,,,#1005,,[],5,1005,https://impression-digital-test-store.myshopify.com/92179693909/orders/0902a090b8c062b847d19c4b608343fa/authenticate?key=373f72e56b07e905183a840525f996fd,,,['manual'],+16135550142,,GBP,2024-12-17T18:10:55-05:00,339f325489a8fb12876954ba316aa2b5,,339f325489a8fb12876954ba316aa2b5,shopify_draft_order,,2099.85,subtotal_price_set(None),Line Item Discount,False,[],True,False,0902a090b8c062b847d19c4b608343fa,699.95,total_discounts_set(None),2799.80,total_line_items_price_set(None),0.00,2123.84,total_price_set(None),total_shipping_price_set(None),0.00,total_tax_set(None),0.00,18144,2024-12-17T18:10:56-05:00,,,customer(8875746328917),[discount_application(None)],[],[line_item(16344779424085)],,[],shipping_address(None),[shipping_line(5402362052949)]
6436279026005,gid://shopify/Order/6436279026005,1354745,185.205.175.206,False,,,,46221754761557.0,13c564d215859f041dbac76c89e4f604,client_details(None),,,HED1XIRI1,True,russel.winfield@example.com,2024-12-17T18:10:59-05:00,GBP,1259.91,current_subtotal_price_set(None),,139.99,current_total_discounts_set(None),,1283.90,current_total_price_set(None),0.00,current_total_tax_set(None),UK,,[discount_code(None)],russel.winfield@example.com,False,paid,,,,,,#1006,,[],6,1006,https://impression-digital-test-store.myshopify.com/92179693909/orders/14ffc25926be29532fb2638838759a70/authenticate?key=732e180561b9e0c066a740656cc166b3,,,['manual'],+16135550135,,GBP,2024-12-17T18:10:58-05:00,da9b42406c4c2a2e26b50c7021dd7c8c,,da9b42406c4c2a2e26b50c7021dd7c8c,shopify_draft_order,,1259.91,subtotal_price_set(None),Order Discount,False,[],True,False,14ffc25926be29532fb2638838759a70,139.99,total_discounts_set(None),1399.90,total_line_items_price_set(None),0.00,1283.90,total_price_set(None),total_shipping_price_set(None),0.00,total_tax_set(None),0.00,9072,2024-12-17T18:10:59-05:00,,billing_address(None),customer(8875746394453),[discount_application(None)],[],[line_item(16344779489621)],,[],shipping_address(None),[shipping_line(5402362085717)]
6436279058773,gid://shopify/Order/6436279058773,1354745,185.205.175.206,False,,,,46221755220309.0,224e454f3bfe90baa3fc36c514ff7e6e,client_details(None),,,5Z9NWJDGN,True,russel.winfield@example.com,2024-12-17T18:11:05-05:00,GBP,200.00,current_subtotal_price_set(None),,0.00,current_total_discounts_set(None),,223.99,current_total_price_set(None),0.00,current_total_tax_set(None),UK,,[],russel.winfield@example.com,False,paid,,,,,,#1007,,[],7,1007,https://impression-digital-test-store.myshopify.com/92179693909/orders/38c1aa76861dc2f6b609d64a82e9f56d/authenticate?key=ad2ccb2f5109bb4d39e233228abc6d13,,,['manual'],+16135550135,,GBP,2024-12-17T18:11:04-05:00,e7e97674fb2b55fa11a92cd261bea749,,e7e97674fb2b55fa11a92cd261bea749,shopify_draft_order,,200.00,subtotal_price_set(None),Custom Item,False,[],True,False,38c1aa76861dc2f6b609d64a82e9f56d,0.00,total_discounts_set(None),200.00,total_line_items_price_set(None),0.00,223.99,total_price_set(None),total_shipping_price_set(None),0.00,total_tax_set(None),0.00,0,2024-12-17T18:11:05-05:00,,billing_address(None),customer(8875746394453),[],[],[line_item(16344779522389)],,[],shipping_address(None),[shipping_line(5402362118485)]
6436279091541,gid://shopify/Order/6436279091541,1354745,185.205.175.206,False,,,,46221755580757.0,14409d9d7650fe21ffa3f0a241c301aa,client_details(None),,,0DLG98KH8,True,,2024-12-17T18:11:08-05:00,GBP,885.95,current_subtotal_price_set(None),,0.00,current_total_discounts_set(None),,885.95,current_total_price_set(None),0.00,current_total_tax_set(None),en,,[],,False,paid,,,,103899857237.0,,#1008,,[],8,1008,https://impression-digital-test-store.myshopify.com/92179693909/orders/49f7ffb332142bc710ff55584bce937e/authenticate?key=929f189e98cfa7f427df56c21a6b9988,,,['manual'],,,GBP,2024-12-17T18:11:07-05:00,d7fac744b7b91756f4286dd8929ad927,,d7fac744b7b91756f4286dd8929ad927,shopify_draft_order,,885.95,subtotal_price_set(None),Minimal Info,False,[],True,False,49f7ffb332142bc710ff55584bce937e,0.00,total_discounts_set(None),885.95,total_line_items_price_set(None),0.00,885.95,total_price_set(None),total_shipping_price_set(None),0.00,total_tax_set(None),0.00,0,2024-12-17T18:11:08-05:00,,,,[],[],[line_item(16344779555157)],,[],,[]
6436279189845,gid://shopify/Order/6436279189845,1354745,185.205.175.206,False,,,,46221756367189.0,eac8f5af67223801ef56d38ead9c3d61,client_details(None),,,THTEM0JZE,True,,2024-12-17T18:11:13-05:00,GBP,885.95,current_subtotal_price_set(None),,0.00,current_total_discounts_set(None),,885.95,current_total_price_set(None),0.00,current_total_tax_set(None),en,,[],,False,paid,,,,103899857237.0,,#1009,,[],9,1009,https://impression-digital-test-store.myshopify.com/92179693909/orders/91d0735a3501ff64c571c3efc288ff0e/authenticate?key=53117d76dff38d3c90fc896bd6c2ff66,,,['manual'],,,GBP,2024-12-17T18:11:13-05:00,380e0cbf2546ede6b524afc15793ca8b,,380e0cbf2546ede6b524afc15793ca8b,shopify_draft_order,,885.95,subtotal_price_set(None),Edited,False,[],True,False,91d0735a3501ff64c571c3efc288ff0e,0.00,total_discounts_set(None),885.95,total_line_items_price_set(None),0.00,885.95,total_price_set(None),total_shipping_price_set(None),0.00,total_tax_set(None),0.00,0,2024-12-17T18:11:14-05:00,,,,[],[],[line_item(16344779653461)],,[],,[]
6436279648597,gid://shopify/Order/6436279648597,1354745,185.205.175.206,False,,,,46221754958165.0,9fbd594928bc82680c333132fd10b7e0,client_details(None),,,FQRU5MJEC,True,,2024-12-17T18:11:47-05:00,GBP,2723.28,current_subtotal_price_set(None),,0.00,current_total_discounts_set(None),,2723.28,current_total_price_set(None),0.00,current_total_tax_set(None),en,,[],,False,paid,,,,103899857237.0,,#1010,,[],10,1010,https://impression-digital-test-store.myshopify.com/92179693909/orders/7fe43aa0c8b68ade82db76d1a21b677e/authenticate?key=97487e5f510a435d54512026ef9d8a85,,,['manual'],,,MXN,2024-12-17T18:11:47-05:00,9bb3b0e94f16ae91c491c6d88152b144,,9bb3b0e94f16ae91c491c6d88152b144,shopify_draft_order,,2723.28,subtotal_price_set(None),International Market,False,[],True,False,7fe43aa0c8b68ade82db76d1a21b677e,0.00,total_discounts_set(None),2723.28,total_line_items_price_set(None),0.00,2723.28,total_price_set(None),total_shipping_price_set(None),0.00,total_tax_set(None),0.00,18144,2024-12-17T18:11:48-05:00,116032635221.0,,,[],[],[line_item(16344780636501)],,[],,[]
6438539100501,gid://shopify/Order/6438539100501,1608003,,False,,,,,,,,,20QHRXCJI,True,egnition_sample_20241220012948_1@egnition.com,2024-12-19T09:29:58-05:00,GBP,0.20,current_subtotal_price_set(None),,0.00,current_total_discounts_set(None),,0.20,current_total_price_set(None),0.00,current_total_tax_set(None),,,[],egnition_sample_20241220012948_1@egnition.com,False,pending,,,,,,#1011,,[],11,1011,https://impression-digital-test-store.myshopify.com/92179693909/orders/29d86c7e7f0aa5ef3147d42be1ceaa77/authenticate?key=9981481bca381187c7987ecbbb74b617,,,[],,,GBP,2024-12-19T09:29:58-05:00,,,,1608003,,0.20,subtotal_price_set(None),egnition-sample-data,False,[],False,False,29d86c7e7f0aa5ef3147d42be1ceaa77,0.00,total_discounts_set(None),0.20,total_line_items_price_set(None),0.20,0.20,total_price_set(None),total_shipping_price_set(None),0.00,total_tax_set(None),0.00,0,2024-12-19T09:30:58-05:00,,billing_address(None),customer(8879036957013),[],[],"[line_item(16348849799509), line_item(16348849832277)]",,[],shipping_address(None),[]
6438539329877,gid://shopify/Order/6438539329877,1608003,,False,,,,,,,,,PZ6HQPRVA,True,egnition_sample_20241220012948_3@egnition.com,2024-12-19T09:30:04-05:00,GBP,0.20,current_subtotal_price_set(None),,0.00,current_total_discounts_set(None),,0.20,current_total_price_set(None),0.00,current_total_tax_set(None),,,[],egnition_sample_20241220012948_3@egnition.com,False,refunded,,,,,,#1012,,[],12,1012,https://impression-digital-test-store.myshopify.com/92179693909/orders/816151342632306f5e50e161cd461e9d/authenticate?key=3780f611e7542b44e1cdf83e2b21789f,,,[],,,GBP,2024-12-19T09:30:04-05:00,,,,1608003,,0.20,subtotal_price_set(None),egnition-sample-data,False,[],False,False,816151342632306f5e50e161cd461e9d,0.00,total_discounts_set(None),0.20,total_line_items_price_set(None),0.20,0.20,total_price_set(None),total_shipping_price_set(None),0.00,total_tax_set(None),0.00,0,2024-12-19T09:31:04-05:00,,billing_address(None),customer(8879037055317),[],[],"[line_item(16348850192725), line_item(16348850225493)]",,[],shipping_address(None),[]
6438539428181,gid://shopify/Order/6438539428181,1608003,,False,,,,,,,,,3VNQAUZV0,True,egnition_sample_20241220012948_1@egnition.com,2024-12-19T09:30:09-05:00,GBP,0.30,current_subtotal_price_set(None),,0.00,current_total_discounts_set(None),,0.30,current_total_price_set(None),0.00,current_total_tax_set(None),,,[],egnition_sample_20241220012948_1@egnition.com,False,paid,,,,,,#1013,,[],13,1013,https://impression-digital-test-store.myshopify.com/92179693909/orders/ef978979575691a56a4a59c221232903/authenticate?key=6a8d8e1a4135f35c60ed6a8649045dd0,,,[],,,GBP,2024-12-19T09:30:09-05:00,,,,1608003,,0.30,subtotal_price_set(None),egnition-sample-data,False,[],False,False,ef978979575691a56a4a59c221232903,0.00,total_discounts_set(None),0.30,total_line_items_price_set(None),0.30,0.30,total_price_set(None),total_shipping_price_set(None),0.00,total_tax_set(None),0.00,0,2024-12-19T09:31:10-05:00,,billing_address(None),customer(8879036957013),[],[],"[line_item(16348850356565), line_item(16348850389333), line_item(16348850422101)]",,[],shipping_address(None),[]
6438539526485,gid://shopify/Order/6438539526485,1608003,,False,,,,,,,,,LPQGIPUYA,True,egnition_sample_20241220012948_2@egnition.com,2024-12-19T09:30:15-05:00,GBP,0.30,current_subtotal_price_set(None),,0.00,current_total_discounts_set(None),,0.30,current_total_price_set(None),0.00,current_total_tax_set(None),,,[],egnition_sample_20241220012948_2@egnition.com,False,refunded,,,,,,#1014,,[],14,1014,https://impression-digital-test-store.myshopify.com/92179693909/orders/0c3165c8854f6f167c6922a92d5d9615/authenticate?key=ccaf6855c3f39291379718fe14f2045a,,,[],,,GBP,2024-12-19T09:30:15-05:00,,,,1608003,,0.30,subtotal_price_set(None),egnition-sample-data,False,[],False,False,0c3165c8854f6f167c6922a92d5d9615,0.00,total_discounts_set(None),0.30,total_line_items_price_set(None),0.30,0.30,total_price_set(None),total_shipping_price_set(None),0.00,total_tax_set(None),0.00,0,2024-12-19T09:31:16-05:00,,billing_address(None),customer(8879036989781),[],[],"[line_item(16348850618709), line_item(16348850651477), line_item(16348850684245)]",,[],shipping_address(None),[]
6438540542293,gid://shopify/Order/6438540542293,1608003,,False,,,,,,,,,AWLCRUKL0,True,egnition_sample_20241220012948_3@egnition.com,2024-12-19T09:31:02-05:00,GBP,0.10,current_subtotal_price_set(None),,0.00,current_total_discounts_set(None),,0.10,current_total_price_set(None),0.00,current_total_tax_set(None),,,[],egnition_sample_20241220012948_3@egnition.com,False,paid,,,,,,#1015,,[],15,1015,https://impression-digital-test-store.myshopify.com/92179693909/orders/9a364a396d5da1add2f048a0168f476c/authenticate?key=889586f598ea8394aa356b9fa2542ebc,,,[],,,GBP,2024-12-19T09:31:02-05:00,,,,1608003,,0.10,subtotal_price_set(None),egnition-sample-data,False,[],False,False,9a364a396d5da1add2f048a0168f476c,0.00,total_discounts_set(None),0.10,total_line_items_price_set(None),0.10,0.10,total_price_set(None),total_shipping_price_set(None),0.00,total_tax_set(None),0.00,0,2024-12-19T09:32:02-05:00,,billing_address(None),customer(8879037055317),[],[],[line_item(16348852355413)],,[],shipping_address(None),[]
6438540771669,gid://shopify/Order/6438540771669,1608003,,False,,,,,,,,,5RMF5QFIZ,True,egnition_sample_20241220012948_1@egnition.com,2024-12-19T09:31:08-05:00,GBP,0.10,current_subtotal_price_set(None),,0.00,current_total_discounts_set(None),,0.10,current_total_price_set(None),0.00,current_total_tax_set(None),,,[],egnition_sample_20241220012948_1@egnition.com,False,paid,,,,,,#1016,,[],16,1016,https://impression-digital-test-store.myshopify.com/92179693909/orders/64df19e3bcbb3c99cb429e0a48f3ff58/authenticate?key=c2d51f777e914c04ca908c5d401bdfac,,,[],,,GBP,2024-12-19T09:31:08-05:00,,,,1608003,,0.10,subtotal_price_set(None),egnition-sample-data,False,[],False,False,64df19e3bcbb3c99cb429e0a48f3ff58,0.00,total_discounts_set(None),0.10,total_line_items_price_set(None),0.10,0.10,total_price_set(None),total_shipping_price_set(None),0.00,total_tax_set(None),0.00,0,2024-12-19T09:32:08-05:00,,billing_address(None),customer(8879036957013),[],[],[line_item(16348852846933)],,[],shipping_address(None),[]
6438540968277,gid://shopify/Order/6438540968277,1608003,,False,,,,,,,,,FHM5MW9MR,True,egnition_sample_20241220012948_1@egnition.com,2024-12-19T09:31:13-05:00,GBP,0.30,current_subtotal_price_set(None),,0.00,current_total_discounts_set(None),,0.30,current_total_price_set(None),0.00,current_total_tax_set(None),,,[],egnition_sample_20241220012948_1@egnition.com,False,paid,,,,,,#1017,,[],17,1017,https://impression-digital-test-store.myshopify.com/92179693909/orders/dcb0f818fd52db7cd89fccab0518ea15/authenticate?key=ebae929030b2ca23d38a0db28eac387b,,,[],,,GBP,2024-12-19T09:31:13-05:00,,,,1608003,,0.30,subtotal_price_set(None),egnition-sample-data,False,[],False,False,dcb0f818fd52db7cd89fccab0518ea15,0.00,total_discounts_set(None),0.30,total_line_items_price_set(None),0.30,0.30,total_price_set(None),total_shipping_price_set(None),0.00,total_tax_set(None),0.00,0,2024-12-19T09:32:14-05:00,,billing_address(None),customer(8879036957013),[],[],"[line_item(16348853338453), line_item(16348853371221), line_item(16348853403989)]",,[],shipping_address(None),[]
6438541295957,gid://shopify/Order/6438541295957,1608003,,False,,,,,,,,,0CPFPXEZ8,True,egnition_sample_20241220012948_3@egnition.com,2024-12-19T09:31:19-05:00,GBP,0.10,current_subtotal_price_set(None),,0.00,current_total_discounts_set(None),,0.10,current_total_price_set(None),0.00,current_total_tax_set(None),,,[],egnition_sample_20241220012948_3@egnition.com,False,paid,,,,,,#1018,,[],18,1018,https://impression-digital-test-store.myshopify.com/92179693909/orders/a5441517c64a399ed82cfc103386e350/authenticate?key=52d358979eb512eaf032380665c8ed5f,,,[],,,GBP,2024-12-19T09:31:19-05:00,,,,1608003,,0.10,subtotal_price_set(None),egnition-sample-data,False,[],False,False,a5441517c64a399ed82cfc103386e350,0.00,total_discounts_set(None),0.10,total_line_items_price_set(None),0.10,0.10,total_price_set(None),total_shipping_price_set(None),0.00,total_tax_set(None),0.00,0,2024-12-19T09:32:20-05:00,,billing_address(None),customer(8879037055317),[],[],[line_item(16348854026581)],,[],shipping_address(None),[]
6438542311765,gid://shopify/Order/6438542311765,1608003,,False,,,,,,,,,98XQ05DX3,True,egnition_sample_20241220012948_2@egnition.com,2024-12-19T09:32:06-05:00,GBP,0.20,current_subtotal_price_set(None),,0.00,current_total_discounts_set(None),,0.20,current_total_price_set(None),0.00,current_total_tax_set(None),,,[],egnition_sample_20241220012948_2@egnition.com,False,pending,,,,,,#1019,,[],19,1019,https://impression-digital-test-store.myshopify.com/92179693909/orders/1ce63a0a5d8220d49d83ea7bf4a01f2f/authenticate?key=1a73940f58fbf57f75eefff0899a237f,,,[],,,GBP,2024-12-19T09:32:06-05:00,,,,1608003,,0.20,subtotal_price_set(None),egnition-sample-data,False,[],False,False,1ce63a0a5d8220d49d83ea7bf4a01f2f,0.00,total_discounts_set(None),0.20,total_line_items_price_set(None),0.20,0.20,total_price_set(None),total_shipping_price_set(None),0.00,total_tax_set(None),0.00,0,2024-12-19T09:33:07-05:00,,billing_address(None),customer(8879036989781),[],[],"[line_item(16348855599445), line_item(16348855632213)]",,[],shipping_address(None),[]
6438542442837,gid://shopify/Order/6438542442837,1608003,,False,,,,,,,,,GFE6VI9CP,True,egnition_sample_20241220012948_1@egnition.com,2024-12-19T09:32:12-05:00,GBP,0.10,current_subtotal_price_set(None),,0.00,current_total_discounts_set(None),,0.10,current_total_price_set(None),0.00,current_total_tax_set(None),,,[],egnition_sample_20241220012948_1@egnition.com,False,refunded,,,,,,#1020,,[],20,1020,https://impression-digital-test-store.myshopify.com/92179693909/orders/45602a1dac938ea260a1754cb209dfcd/authenticate?key=6be42221ad459c7a29afe758de59ae38,,,[],,,GBP,2024-12-19T09:32:12-05:00,,,,1608003,,0.10,subtotal_price_set(None),egnition-sample-data,False,[],False,False,45602a1dac938ea260a1754cb209dfcd,0.00,total_discounts_set(None),0.10,total_line_items_price_set(None),0.10,0.10,total_price_set(None),total_shipping_price_set(None),0.00,total_tax_set(None),0.00,0,2024-12-19T09:33:12-05:00,,billing_address(None),customer(8879036957013),[],[],[line_item(16348855927125)],,[],shipping_address(None),[]
6438542639445,gid://shopify/Order/6438542639445,1608003,,False,,,,,,,,,K1LK44LFP,True,egnition_sample_20241220012948_2@egnition.com,2024-12-19T09:32:17-05:00,GBP,0.30,current_subtotal_price_set(None),,0.00,current_total_discounts_set(None),,0.30,current_total_price_set(None),0.00,current_total_tax_set(None),,,[],egnition_sample_20241220012948_2@egnition.com,False,refunded,,,,,,#1021,,[],21,1021,https://impression-digital-test-store.myshopify.com/92179693909/orders/201fc98c96423959d629343d55dac7aa/authenticate?key=c9e966e73e15816e20defe020ee41d4a,,,[],,,GBP,2024-12-19T09:32:17-05:00,,,,1608003,,0.30,subtotal_price_set(None),egnition-sample-data,False,[],False,False,201fc98c96423959d629343d55dac7aa,0.00,total_discounts_set(None),0.30,total_line_items_price_set(None),0.30,0.30,total_price_set(None),total_shipping_price_set(None),0.00,total_tax_set(None),0.00,0,2024-12-19T09:33:18-05:00,,billing_address(None),customer(8879036989781),[],[],"[line_item(16348856189269), line_item(16348856222037), line_item(16348856254805)]",,[],shipping_address(None),[]
6438542803285,gid://shopify/Order/6438542803285,1608003,,False,,,,,,,,,XU0W5M47P,True,egnition_sample_20241220012948_3@egnition.com,2024-12-19T09:32:23-05:00,GBP,0.20,current_subtotal_price_set(None),,0.00,current_total_discounts_set(None),,0.20,current_total_price_set(None),0.00,current_total_tax_set(None),,,[],egnition_sample_20241220012948_3@egnition.com,False,refunded,,,,,,#1022,,[],22,1022,https://impression-digital-test-store.myshopify.com/92179693909/orders/12e68681e917e732b3791132c8609479/authenticate?key=4a64ff6607ecd87ef89d432fb6f2a878,,,[],,,GBP,2024-12-19T09:32:23-05:00,,,,1608003,,0.20,subtotal_price_set(None),egnition-sample-data,False,[],False,False,12e68681e917e732b3791132c8609479,0.00,total_discounts_set(None),0.20,total_line_items_price_set(None),0.20,0.20,total_price_set(None),total_shipping_price_set(None),0.00,total_tax_set(None),0.00,0,2024-12-19T09:33:24-05:00,,billing_address(None),customer(8879037055317),[],[],"[line_item(16348856615253), line_item(16348856648021)]",,[],shipping_address(None),[]
6438543851861,gid://shopify/Order/6438543851861,1608003,,False,,,,,,,,,E995GYWR0,True,egnition_sample_20241220012948_3@egnition.com,2024-12-19T09:33:10-05:00,GBP,0.10,current_subtotal_price_set(None),,0.00,current_total_discounts_set(None),,0.10,current_total_price_set(None),0.00,current_total_tax_set(None),,,[],egnition_sample_20241220012948_3@egnition.com,False,paid,,,,,,#1023,,[],23,1023,https://impression-digital-test-store.myshopify.com/92179693909/orders/724045646353db6a171558318a5c003a/authenticate?key=6d0aba04d0b0955d1f5d0716566844b1,,,[],,,GBP,2024-12-19T09:33:10-05:00,,,,1608003,,0.10,subtotal_price_set(None),egnition-sample-data,False,[],False,False,724045646353db6a171558318a5c003a,0.00,total_discounts_set(None),0.10,total_line_items_price_set(None),0.10,0.10,total_price_set(None),total_shipping_price_set(None),0.00,total_tax_set(None),0.00,0,2024-12-19T09:34:10-05:00,,billing_address(None),customer(8879037055317),[],[],[line_item(16348858679637)],,[],shipping_address(None),[]
6438543950165,gid://shopify/Order/6438543950165,1608003,,False,,,,,,,,,PYIXE9JJ5,True,egnition_sample_20241220012948_3@egnition.com,2024-12-19T09:33:15-05:00,GBP,0.20,current_subtotal_price_set(None),,0.00,current_total_discounts_set(None),,0.20,current_total_price_set(None),0.00,current_total_tax_set(None),,,[],egnition_sample_20241220012948_3@egnition.com,False,pending,,,,,,#1024,,[],24,1024,https://impression-digital-test-store.myshopify.com/92179693909/orders/d00ced6bd995677ad286a7ef849e0e75/authenticate?key=e997f61f07b3f7d0294a2e963ae6d790,,,[],,,GBP,2024-12-19T09:33:15-05:00,,,,1608003,,0.20,subtotal_price_set(None),egnition-sample-data,False,[],False,False,d00ced6bd995677ad286a7ef849e0e75,0.00,total_discounts_set(None),0.20,total_line_items_price_set(None),0.20,0.20,total_price_set(None),total_shipping_price_set(None),0.00,total_tax_set(None),0.00,0,2024-12-19T09:34:16-05:00,,billing_address(None),customer(8879037055317),[],[],"[line_item(16348858876245), line_item(16348858909013)]",,[],shipping_address(None),[]
6438544114005,gid://shopify/Order/6438544114005,1608003,,False,,,,,,,,,QY1M5DKZ9,True,egnition_sample_20241220012948_2@egnition.com,2024-12-19T09:33:21-05:00,GBP,0.20,current_subtotal_price_set(None),,0.00,current_total_discounts_set(None),,0.20,current_total_price_set(None),0.00,current_total_tax_set(None),,,[],egnition_sample_20241220012948_2@egnition.com,False,refunded,,,,,,#1025,,[],25,1025,https://impression-digital-test-store.myshopify.com/92179693909/orders/920c0a61a3a72fe0834d1d92f61caadd/authenticate?key=751a4696dfc38081743138a93c22550a,,,[],,,GBP,2024-12-19T09:33:21-05:00,,,,1608003,,0.20,subtotal_price_set(None),egnition-sample-data,False,[],False,False,920c0a61a3a72fe0834d1d92f61caadd,0.00,total_discounts_set(None),0.20,total_line_items_price_set(None),0.20,0.20,total_price_set(None),total_shipping_price_set(None),0.00,total_tax_set(None),0.00,0,2024-12-19T09:34:22-05:00,,billing_address(None),customer(8879036989781),[],[],"[line_item(16348859203925), line_item(16348859236693)]",,[],shipping_address(None),[]
6438544212309,gid://shopify/Order/6438544212309,1608003,,False,,,,,,,,,I514GGDCR,True,egnition_sample_20241220012948_1@egnition.com,2024-12-19T09:33:27-05:00,GBP,0.30,current_subtotal_price_set(None),,0.00,current_total_discounts_set(None),,0.30,current_total_price_set(None),0.00,current_total_tax_set(None),,,[],egnition_sample_20241220012948_1@egnition.com,False,paid,,,,,,#1026,,[],26,1026,https://impression-digital-test-store.myshopify.com/92179693909/orders/4b2772089f98ad246b138061f03bd7d7/authenticate?key=7dbe072606172ae8b2bf80f1a67bf80b,,,[],,,GBP,2024-12-19T09:33:27-05:00,,,,1608003,,0.30,subtotal_price_set(None),egnition-sample-data,False,[],False,False,4b2772089f98ad246b138061f03bd7d7,0.00,total_discounts_set(None),0.30,total_line_items_price_set(None),0.30,0.30,total_price_set(None),total_shipping_price_set(None),0.00,total_tax_set(None),0.00,0,2024-12-19T09:34:28-05:00,,billing_address(None),customer(8879036957013),[],[],"[line_item(16348859466069), line_item(16348859498837), line_item(16348859531605)]",,[],shipping_address(None),[]
6438545228117,gid://shopify/Order/6438545228117,1608003,,False,,,,,,,,,7VDE3WUNI,True,egnition_sample_20241220012948_3@egnition.com,2024-12-19T09:34:14-05:00,GBP,0.20,current_subtotal_price_set(None),,0.00,current_total_discounts_set(None),,0.20,current_total_price_set(None),0.00,current_total_tax_set(None),,,[],egnition_sample_20241220012948_3@egnition.com,False,paid,,,,,,#1027,,[],27,1027,https://impression-digital-test-store.myshopify.com/92179693909/orders/ad7450d1167a6b7315d22522d0c86774/authenticate?key=74983f07f5f8e221b76aa601c0cf5f25,,,[],,,GBP,2024-12-19T09:34:14-05:00,,,,1608003,,0.20,subtotal_price_set(None),egnition-sample-data,False,[],False,False,ad7450d1167a6b7315d22522d0c86774,0.00,total_discounts_set(None),0.20,total_line_items_price_set(None),0.20,0.20,total_price_set(None),total_shipping_price_set(None),0.00,total_tax_set(None),0.00,0,2024-12-19T09:35:14-05:00,,billing_address(None),customer(8879037055317),[],[],"[line_item(16348861399381), line_item(16348861432149)]",,[],shipping_address(None),[]
6438545326421,gid://shopify/Order/6438545326421,1608003,,False,,,,,,,,,A3MEWAQJD,True,egnition_sample_20241220012948_3@egnition.com,2024-12-19T09:34:19-05:00,GBP,0.10,current_subtotal_price_set(None),,0.00,current_total_discounts_set(None),,0.10,current_total_price_set(None),0.00,current_total_tax_set(None),,,[],egnition_sample_20241220012948_3@egnition.com,False,paid,,,,,,#1028,,[],28,1028,https://impression-digital-test-store.myshopify.com/92179693909/orders/9f357935f1c6914f882b6d32a355673d/authenticate?key=bb719844e1bd16c28381f3f22d5afbeb,,,[],,,GBP,2024-12-19T09:34:19-05:00,,,,1608003,,0.10,subtotal_price_set(None),egnition-sample-data,False,[],False,False,9f357935f1c6914f882b6d32a355673d,0.00,total_discounts_set(None),0.10,total_line_items_price_set(None),0.10,0.10,total_price_set(None),total_shipping_price_set(None),0.00,total_tax_set(None),0.00,0,2024-12-19T09:35:20-05:00,,billing_address(None),customer(8879037055317),[],[],[line_item(16348861530453)],,[],shipping_address(None),[]
6438545457493,gid://shopify/Order/6438545457493,1608003,,False,,,,,,,,,UWAQIJRC9,True,egnition_sample_20241220012948_3@egnition.com,2024-12-19T09:34:25-05:00,GBP,0.20,current_subtotal_price_set(None),,0.00,current_total_discounts_set(None),,0.20,current_total_price_set(None),0.00,current_total_tax_set(None),,,[],egnition_sample_20241220012948_3@egnition.com,False,paid,,,,,,#1029,,[],29,1029,https://impression-digital-test-store.myshopify.com/92179693909/orders/cac57efd90d114a0fe18a09fcdd5ecfc/authenticate?key=1757b5f7b6dde8306854b50039ff1c3c,,,[],,,GBP,2024-12-19T09:34:25-05:00,,,,1608003,,0.20,subtotal_price_set(None),egnition-sample-data,False,[],False,False,cac57efd90d114a0fe18a09fcdd5ecfc,0.00,total_discounts_set(None),0.20,total_line_items_price_set(None),0.20,0.20,total_price_set(None),total_shipping_price_set(None),0.00,total_tax_set(None),0.00,0,2024-12-19T09:35:25-05:00,,billing_address(None),customer(8879037055317),[],[],"[line_item(16348861759829), line_item(16348861792597)]",,[],shipping_address(None),[]
6438545588565,gid://shopify/Order/6438545588565,1608003,,False,,,,,,,,,F0DJ8UC8Q,True,egnition_sample_20241220012948_2@egnition.com,2024-12-19T09:34:31-05:00,GBP,0.20,current_subtotal_price_set(None),,0.00,current_total_discounts_set(None),,0.20,current_total_price_set(None),0.00,current_total_tax_set(None),,,[],egnition_sample_20241220012948_2@egnition.com,False,paid,,,,,,#1030,,[],30,1030,https://impression-digital-test-store.myshopify.com/92179693909/orders/2125ffdd8f2c19d3d4aa577ee7f898a9/authenticate?key=1640f1bb2e6e70281f2d94d194d9a0b2,,,[],,,GBP,2024-12-19T09:34:31-05:00,,,,1608003,,0.20,subtotal_price_set(None),egnition-sample-data,False,[],False,False,2125ffdd8f2c19d3d4aa577ee7f898a9,0.00,total_discounts_set(None),0.20,total_line_items_price_set(None),0.20,0.20,total_price_set(None),total_shipping_price_set(None),0.00,total_tax_set(None),0.00,0,2024-12-19T09:35:31-05:00,,billing_address(None),customer(8879036989781),[],[],"[line_item(16348862021973), line_item(16348862054741)]",,[],shipping_address(None),[]
